{
	"Objects" : [
		{
			"model"    : "teapot.obj",
			"position" : [ 0, 500, 0 ],
			"scale"    : [ 50, 50, 50 ]
		}
	],
	
	"Lights" : {
		"Ambient" : {
			"intensity" : [ 150, 150, 150 ]
		},
		
		"Directional" : [
			{
				"direction" : [ 0, 1, 0 ],
				"intensity" : [ 255, 255, 255 ]
			},
			{
				"direction" : [ 1, 1, 0 ],
				"intensity" : [ 255, 30, 30 ]
			}
		],

		"Point" : {
			"position"  : [ 0, 150, 0 ],
			"intensity" : [ 0, 30, 255 ],
			"kc"        : 0,
			"kl"        : 0.006,
			"kq"        : 0
		}
	}
}